Burden_m,Spacing_m,Number_of_Holes,Hole_Depth_m,Total_Explosives_kg,Charge_Factor_kg_per_m,Powder_Factor_kg_per_m3,PPV_mm_per_s,Time_to_Peak_ms,Distance_from_Dam_m
2.0618101782710436,3.3963234280394903,56,3.3034363594491767,293.80019809399005,4.931505809532811,0.49720573152294456,6.1796357442476,158.86501536059876,316.74692339158315
2.9260714596148745,3.072192732688241,21,5.272775763290724,76.30695121675801,4.527556162635188,0.7130671314395687,19.090875411521743,142.94398915890048,116.76215178028257
2.5979909127171075,2.6190552325726557,25,5.785762912039466,70.9120165306002,6.9060199823787825,1.1274486641154053,21.502341326557016,127.21936520305536,127.4387146036819
2.397987726295555,3.6275900394138976,33,2.6647339811170867,460.41399161501124,0.8712264012024996,0.4584859241975352,14.548459201390399,174.05848876487804,445.44616240681154
1.7340279606636548,3.3694623451077588,28,5.181541833417649,412.4695438120244,6.749878036047594,0.4925613348194132,24.579268877986255,52.38179169312381,301.25854177885117
1.733991780504304,2.3252338786897826,17,6.306199897421308,491.1718069701731,6.82943459458793,0.3117266109813754,12.361007143823693,175.89068012520326,441.47202480396004
1.5871254182522991,3.821854368987685,40,2.9968798669122374,107.95214367404327,2.6368101614822064,0.3127710444561905,13.807468835173058,160.00353670056995,217.19593009394347
2.799264218662403,3.645074485846338,30,6.084885210740153,69.5639768695516,3.9713896626188796,1.0464524642626611,24.752008341028255,152.15055701366026,326.48000334409573
2.4016725176148133,3.899599826583848,26,4.879106549507744,329.71860919616813,3.789038664030766,0.9589103461586601,7.3256140271961225,116.63857883423557,285.64853722457485
2.5621088666940683,3.45143901677672,32,4.966418327449896,263.17737731552324,2.1388237576559774,0.6195369508067624,23.67855661256882,56.786390584414015,193.60557041920816
1.5308767414437037,3.2268303918715797,46,4.951776699462424,304.07081516902565,3.4759763531473733,0.9284800415048153,2.9852637677396046,90.47410403846031,261.4619174151179
2.9548647782429915,2.8364860725812377,63,3.6953435453492554,595.3736248786507,0.8329082912814083,0.6556853336789732,12.26689847605348,160.7784243623723,276.1208945721194
2.7486639612006325,3.8654569667080265,25,6.240807261197839,583.9124767188686,2.583665545863008,1.1576071163980446,3.610080779060513,16.037912027891643,140.34693864050536
1.8185086660174141,3.732127779000817,15,6.289401850524155,568.273464320256,6.625116315880385,1.1703474132834313,18.77239908701379,158.58964616011409,191.7546675695292
1.7727374508106508,2.090437340212379,17,5.001218640855791,481.1134722222206,2.6342172632217316,0.6535143982284091,15.993405525240409,55.61344069263763,406.134387728139
1.7751067647801508,2.0527339489945042,34,5.633690903766459,245.1627481412897,6.636550015611856,1.0687997157067812,18.252588059754718,37.41874813710457,462.1047077543572
1.9563633644393066,2.752926733756099,27,4.949031943524632,276.67201164452433,4.486995984533231,0.9957801375277195,10.61304919926439,31.98325045425741,211.90734209538476
2.2871346474483567,3.621106661563666,34,4.437593790296162,352.28882404540843,7.0989700802087,0.5789999434546104,10.498084482721747,15.177502270654871,188.1375269940582
2.1479175279631737,3.974552258629889,21,5.143280473197002,506.79395102266193,4.810846656983114,0.5088358460109954,3.042343416100576,109.48143219207606,137.83872405734712
1.9368437102970628,2.3008337822070564,24,4.712005810367834,87.79205788504727,0.7225116729855486,0.7124111853535504,10.048733609181715,51.469375811808604,355.32102589276155
2.417779342083569,3.1882614307042703,35,4.88990345052772,283.3632872366885,5.565651556603169,1.0032139565529656,23.373633252027368,197.99203549812998,195.3948657498518
1.7092407909780627,2.7617817132620432,50,5.635330213675448,95.43971490259779,0.8364017601767649,1.1641510062558709,10.722210355150326,119.1429836157191,494.4872925946348
1.9382169728028273,3.9398287956292064,54,4.423615325795939,333.06167261543135,3.8794776423735047,0.9872211619799152,21.12145724310531,36.19820117764198,196.55816092877896
2.0495427649405373,3.6842378462714174,35,2.663016424369891,544.3954532034295,7.4707002085483545,1.0696862865165329,21.373486609248484,140.86488275415942,227.36122105218266
2.184104976325554,3.6766574094222757,56,3.155997923957989,480.36670851016584,1.7390295450338762,0.8427578755534648,10.584546596722378,180.5712776368478,321.50038829541563
2.6777639420895203,2.9373863195899403,41,4.254428865958154,175.31332964871046,3.424042647061581,1.0518670477579133,16.535739649112347,151.58410412022673,410.75793193608723
1.7995106732375397,2.8296390046753306,19,5.399306239496234,586.7949672793359,5.973952316363588,1.0059787722030757,4.193546852280349,24.52357359749506,261.2833994055352
2.2713516576204174,2.5468141438614125,25,4.8731145932407145,417.0427189255356,7.116939170711357,0.639286987733652,4.38460735688836,180.21799442660532,240.19521520503125
2.3886218532930634,2.1127509933018542,16,5.101176743493816,55.735234668571685,5.532072535568809,0.796791271908649,3.119126264219406,160.8465833133933,498.03702511766375
1.5696756190799965,3.7294447525101067,26,4.417115714305149,190.47741657687072,2.4362994064337693,1.0242778097907252,15.363347147627518,40.077741020066725,54.722138512975
2.4113172778521577,3.6258020182601554,32,4.962968087768971,193.3923149559541,5.559558896871621,0.3414510607709607,11.799632485400231,19.839318859235206,452.7793799830606
1.7557861855309373,3.999435346572261,35,3.816069751258649,88.08986845722296,2.7254573082806752,1.027271354120247,14.604744203277523,115.88900930971862,117.11337167288184
1.5975773894779193,3.9932736741478108,30,4.38073037078666,577.904584941761,5.888219223640514,0.4600993116441211,13.984683381692921,39.646804154595614,403.666374294011
2.92332830588,3.110863411205255,31,5.477116262379822,313.04041201675807,7.655248456887804,0.763215255409295,10.054668795086796,168.57228099310169,328.0692019308341
2.948448049611839,3.537974830361021,16,5.987331115892484,542.6980285545351,5.9104508832971625,1.0274478956003437,17.58188854093988,78.083584767618,203.83127847414144
2.712596022174692,3.8895314597648563,23,4.2346213358255556,227.2185268945456,6.9716037718430925,0.5284389703410253,19.445543261076985,183.44956449994933,443.24372998445824
1.956920653760056,3.6992947813548227,24,2.6746466308294448,118.87846373805492,0.5157788238191257,0.5212266953755377,2.3364499541865413,117.4807527067911,55.80825259144639
1.6465081710095757,2.494696203486395,62,3.1466901765872106,310.8848604484176,5.881790935486958,0.6624879586160266,6.766572894684201,44.707753005536944,152.01079343371566
2.526349539768235,2.9010882706201873,16,2.5834445571661524,112.67614909287444,6.721906676489377,1.105178517819871,18.404424965916746,36.523784798362016,305.1017583122912
2.160228740609402,2.25831883030299,18,5.11305207694932,317.30852663764693,0.8041905315851107,0.3003985032934871,10.892263970578187,119.52976313597324,208.1940170223641
1.6830573522671681,3.9081020545174447,60,3.8292585014204357,556.1634496706743,7.036982954661729,1.1112447869777413,17.237130779656987,154.75788625386434,324.66987289324743
2.242765365166905,3.21234926890176,57,4.6699145428774695,336.422478008817,2.425206712325344,0.438426322177447,9.980141173894843,158.4860730710146,60.84958703390007
1.5515827816728276,2.4572856110069257,17,4.473107387135198,389.07484979229594,5.489690764835414,1.1910777384607338,10.987368503581653,62.39390684384344,102.40651871677063
2.863980603118173,3.3434013688117137,59,2.826105958209707,136.15114033559456,6.502661592675549,1.1593622937346213,5.649614094862753,48.806884193311824,107.19330809829765
1.8881699724000254,3.2362564809157917,32,4.113045444495327,74.05459423398321,5.469983847945166,0.7452076706321549,7.939313452321681,13.183697853552658,135.17764066220423
2.493783426530973,2.7163254360656808,38,3.382244499689293,110.94437919889387,1.1921359405494294,0.7614482230313653,15.924470422674506,139.0478387282222,256.69914836024424
1.9675666141341164,2.227115184399258,27,4.173599154670611,379.1923666264011,4.972411391452763,0.7333944062482688,11.962751560248826,24.547969102372406,388.45791479460706
2.280102031766716,3.3431463911855994,40,3.3143131213689707,102.25643444576755,4.621877425416077,0.8718992810935702,19.80896170772569,89.9446283355259,457.4924770680055
2.3200654190149193,3.0406154018075866,39,5.861809625107734,256.7960894677213,7.252409510557036,0.3816495320114379,21.609453963581885,124.31961116347625,425.9176386279107
1.7772816832882905,3.5446367834712786,61,3.1967733463130146,352.5505672519858,3.5317979723315687,0.3293561535074098,14.457867618985476,188.05069953473864,138.5995422990576
2.9543769416468377,3.0403270022239868,48,6.343122205947908,263.75903924641585,2.908108228152876,0.351932635574309,19.44014771728936,69.24240602159604,248.51774850378456
2.662699235041672,3.7043630006370805,44,4.163629464587763,140.02609080591583,6.123880733273497,0.6999288143173629,9.058803803475111,57.45671086483876,139.73521899134076
2.9092484123462836,3.1038136775489713,27,5.884981168076197,200.5852191327586,3.5950649456254746,0.5479931452975351,11.544337954201799,134.2904293143587,169.01231750023584
2.8422410256414734,3.1218759430707728,51,5.01505927282378,560.5746430667173,5.345721312537973,0.8598356061338943,18.393886552987112,127.65541609018051,276.59614168034875
2.3968499682166278,3.7533072053166903,48,5.44140119466301,421.79025157249544,5.348375675934553,1.193198060437301,10.882875834791705,73.10085882854366,80.64906112558515
2.8828113525346755,2.806965732424794,26,5.570895552267121,322.8263112739376,7.160292982700883,0.6476908557688192,15.535613508656743,186.33934874685943,148.17844831697295
1.6327387530778792,2.2680304569012817,23,4.519379527572071,56.99318949279144,4.9901930173932305,0.8164571286940621,6.263573918897764,170.52384222303021,470.9201725882028
1.7939742936287177,2.057565352626678,40,4.6732020934531535,595.8284702692087,4.266152074714902,0.6740435063166019,15.794740244321453,52.55668371436542,259.75233169632
1.5678409333658072,3.5102745113472382,33,4.555983471234899,419.3002141920538,1.5415349479738776,1.0625445009496732,21.814815266218552,55.43708363255941,250.4239366900425
1.9879954961448965,3.2406191027069293,44,4.852233512360317,224.30736253971972,1.3680320500902903,1.1120127631160142,21.97871171593879,107.33706590854531,56.555219638075506
2.083015934534223,3.408159536198447,53,2.617577783026029,533.597762998811,1.6574117396230954,1.089620050984734,18.659921345579413,156.97869932883685,161.3298861762556
1.907023547660844,2.4259283230178212,54,4.082060679396061,192.13739116049996,1.788863609953209,1.1769350148113318,19.1523277187509,18.367672083808234,439.8315961919816
2.743106263727894,2.2727429511735395,43,4.924754854244686,349.2091185505134,5.284078194977254,0.32476726662637373,14.832331238466116,141.73367920959427,124.08279271640093
2.035129990040384,2.029089331335764,12,4.890894261023457,399.8389200514038,6.057359377059338,1.055834545930978,15.44736607381397,133.16482050259845,236.80622279062447
1.9214017645310713,2.701175117613194,46,5.671824378422526,171.58485429955064,4.47493642194814,0.9765949557351838,5.073963372441914,53.98121822346776,56.448907640150566
2.3140441247373724,3.179835373709266,52,5.120037355328434,588.1185033403277,6.717632994091183,0.5058249684603282,12.208761333689926,139.45707251585628,265.2509667517501
1.711386337462144,2.7844880901994644,49,6.468533265362689,461.50554828844867,7.934474200502249,1.1606880840487748,12.367854529386367,188.6348063378957,59.45949802679772
2.7032954711310593,2.874949844047458,35,3.63541811443458,356.7972740310885,6.65009471839517,0.4333601354069509,24.045450220358024,18.889310544636018,418.82429887960996
1.6118259655196563,3.808317388987497,64,3.936604118664926,149.3270289964155,5.711617802569694,0.9115949344205174,11.914997840335657,70.73389050549187,421.18419536919663
2.980330404900776,2.696510934046601,32,4.0353886074711856,79.62201384891438,4.4936952457786,0.5024011951343212,14.634880832763425,93.2535761666075,404.4839847360664
2.6583671539449862,3.027978978319622,53,4.363251228080994,226.0329078865409,3.8663980375603115,0.6882425838966671,14.264782183419356,180.85946819569102,177.5138310010032
1.7980735223012587,3.567306025482286,48,5.843992255124838,464.25303475237155,1.1329428540840676,0.947243907250112,16.645519492019524,192.82967485573977,426.7567481998181
1.5082831756854036,2.7930855646425403,24,3.4431683758368394,198.1322140661138,3.495265612960182,0.806992177829742,19.209355120633607,94.38189683430313,294.3491596723712
2.723192142682251,3.2441734004557468,58,5.604000828141718,346.7559212725278,7.326009775866007,0.6847516481953004,7.175963151930059,152.50539830701632,218.21364899015109
2.5602860157714256,3.72472741749349,13,4.121240732342974,450.37094720190873,6.560169724299147,0.5937045878387884,14.16066163926402,111.01559451525176,331.39848186690483
2.593510752061481,3.8990412473152842,38,4.907421534648034,109.3690430555554,2.120385237587654,1.0556936901379113,20.996107268268698,112.17875760086153,55.5534707271683
2.6569055200289187,2.294146961858076,31,5.030162132905224,426.91390886373034,3.999558385229119,0.42943291528333233,12.651638418262763,62.838907862607726,114.33239492033847
1.6110669776011355,3.853175250322989,34,3.991394548755738,100.52898824052458,6.625424019189085,0.68709258887682,8.404523566592179,51.22168671413711,384.0320921766183
2.037698592816409,2.9842325861590764,22,4.55046082082322,580.821358169848,1.005384160891419,1.1133818145976278,17.058308733194878,64.72101572556781,159.87272392226885
1.6738035892876946,2.5164887765979165,27,4.152124698590788,318.6167715357168,3.4054443925149447,1.0612645954139708,20.946650103379827,115.70232137884507,319.10410279793734
2.7946551388133902,2.9182715124765224,42,2.7765311447464778,132.87185924043257,6.888809276554607,0.6608475862257419,3.45222673733,15.539485344196908,223.29617127036335
2.4349471902413367,3.960065150570954,25,4.248661555267306,238.31099981845057,3.529233981275928,0.9867975272411773,19.866181118366224,182.3772994277171,434.66260045966766
1.9963470372789738,2.9852361879857394,54,2.8895735702142087,277.3790471123938,1.0821098354858065,1.0408447476379732,20.897902458120736,39.69390481445748,478.5868876984896
1.5953375254290354,2.657503220575016,51,4.120083196321286,467.00175609209555,4.569007763991886,1.0999986816032667,12.615027334537956,51.81684860556344,447.6041277665857
1.9664734825734933,3.2668017086334515,53,4.871673599327128,458.88308234213514,6.963068711887215,0.7900551921443051,24.61603010682475,108.4724735250528,171.77899761211847
1.9877749830401206,2.4802912375563864,11,4.8176595973740035,386.56727793553205,4.927141572148698,0.4840147974492406,20.09429183626811,144.92180560408306,137.37329107073703
2.594409267507096,2.1517266562173276,64,5.150485116033281,108.26189190717113,2.1970933116067384,0.5297781688535385,19.794238992600313,28.188520401435486,263.49570212933077
2.4563362070328196,2.2577594438212985,44,2.881046031818505,133.36315437322048,3.38179715103036,0.5661252066374438,19.20028721147765,70.36199253396082,53.30036787628112
2.83081911386449,2.2560916779155447,51,5.108492982121751,101.56630635505616,3.8759252088644915,0.8344222327286539,5.463986374020302,194.04817505912786,61.61422678843178
2.208322387742924,2.303805387024589,43,3.7485922267857883,367.4450308081525,4.844497653653951,0.3295286617157476,6.996310388419248,59.845163688379685,298.98078783035004
1.6793913689074524,2.2776543452988203,39,4.096183784548444,532.4261428312722,6.195132693144598,0.8724382219019713,12.671773023681776,69.47952756199791,284.20223187437864
2.5698671808344926,3.281749489606429,64,5.9319450156908236,288.5902817401245,1.2415521323047656,0.6279188145854088,8.072100049067714,168.93471321742638,497.56189506586696
2.641177572925346,2.3637601687982897,22,2.536121616518201,138.46649567676042,7.172390247631748,0.5657176222406779,11.550542363682931,19.540742021186496,140.82882591369116
2.341915796354244,2.6913345666477264,22,4.853650533362422,356.92327883193184,0.5923227726205669,1.0915469136553135,22.434674528227177,98.27650207370446,166.1467681222108
2.6564507699318414,3.7935768198120234,27,4.89485592040043,496.4637192761404,3.275392510056914,0.714002156022719,20.95951851322319,82.12718524581734,101.093289046829
2.240693394546586,2.9479232805257447,41,4.086639105374248,457.9416338321115,0.7056523247949325,0.38554774097942346,16.49091720503959,70.15148438264372,462.8943543441851
2.284099244072991,3.3351154770420544,41,3.4481114284333447,534.7979288212618,3.4473066900896843,1.0440720912236223,21.73676906777538,64.28292286850527,400.0150600063028
2.1413115275378245,2.3446397424032597,44,3.4386961530462044,202.8461534868773,4.443594491549929,0.34287713169285594,20.02676494739673,27.36107992347775,420.05260015558133
1.5381286901161428,2.3845780376173416,48,6.034838678643011,156.67462699727616,4.337610399361338,0.9540743017513769,11.866653432340481,69.81690757681328,456.24370458402893
1.6618371404899568,2.0817372325329577,55,4.26809749513143,533.8990672680663,1.74221260271199,0.9965155995935986,6.624498497148738,18.17995651597703,286.2049940266272
1.5471437785301014,2.3378701261443293,61,3.8235574519566877,411.6581720279127,5.343053825717092,0.6173423453359723,13.826623920214802,158.3831340924427,253.03693615282566
2.4546156168956705,2.5571806780639172,38,4.295110295325612,221.0109115041548,0.8358383787850117,1.042309070650008,18.933264298156654,85.66328085202221,198.6761631495274
1.97153397161449,2.3540209685534936,58,5.177561605837445,458.2914278148801,6.214301150993116,0.764093465270808,12.037650770780639,94.3417281407832,315.14657645653494
2.262856036747054,2.177405067514111,38,3.0830262729790068,498.31511146420235,7.599833254951597,0.7169642879455171,17.335753925029636,179.782971425525,254.42527855542014
2.8613497108891393,2.2412717422012016,62,4.297735340854951,388.2380321876228,3.0482662036333843,0.34086295332182326,4.169530804694004,135.03044693363194,253.2045139725088
1.8739383437233124,2.9215575360654515,53,4.851537484441548,428.3362604339533,4.379295362857489,0.5610262742840153,19.20410893654228,11.53122963500276,471.6175386790125
2.1155743845534447,2.412667436811585,25,6.294333419405735,256.3929474434665,3.341827085441108,1.1379089737967698,20.692413257540426,189.20321636264416,492.8141814256086
2.633326707814573,2.728539722096151,53,3.510111128301677,346.2826170386715,0.5503279272804497,0.65264156695515,18.257270682952445,55.05744853576513,408.41797519831135
1.8431972482374337,3.006834541709714,56,3.9370029916649822,338.2875438993892,3.3940587717133694,0.7920304685010915,24.247062513106407,30.44669510437318,390.5411406111177
1.6154698647431895,3.3807896572587306,19,4.017434359689695,516.4262851219246,6.437901944460099,0.7788195110858265,21.012997321594728,155.94435389236762,356.25117280059567
1.934627179370652,2.078624279682198,39,4.922152630579531,511.9801891552004,4.969916316376113,0.8313879808404239,22.77115574116038,105.09069001467645,124.73368355008117
1.7418319308810066,3.5988207978180853,34,3.9269282121600066,507.97425814087376,1.259449359613692,0.3551978600789543,23.472134919525907,92.41640754342333,76.59761939404453
2.8945464785138597,3.2558007789818157,48,4.634047701198782,56.06738784435619,6.853546172703388,0.6259586293188555,20.431003813097597,57.405585139720934,360.8268418009684
2.7121805693466254,2.163518063897744,29,5.627161319380118,462.25001645788853,4.483140086639321,0.9508154464942986,17.50795336614948,114.01958307384054,377.9538000154592
2.4501056347656354,3.7471572482135542,14,5.321542376448814,467.2720145610527,6.81292521308507,0.4805042259656846,2.1315273712981537,62.133074988491614,71.13784599416292
2.8071908852815763,3.8417448010636264,10,4.285474586050342,423.108352570328,4.85166139088772,0.48322053979172436,12.713992324131867,181.30077100454284,467.62328760298163
2.705508115348672,2.1221559197097273,39,5.956864710696676,465.9455618402989,4.697663336284549,0.3090815460201222,15.136732868314303,50.88885114930663,91.0132877501049
1.7798550883290538,2.5537552962944075,58,4.732560998375451,513.0837043231897,1.2894438889775928,0.6937337339473887,8.99269626630399,178.02747858659316,178.65524019704108
2.8388384977349665,3.6124025595861227,12,4.65962335800885,308.6754797559821,1.7551979985397097,1.0944609426060796,9.316402278779858,116.28703088819782,352.575415759417
2.3090133628734764,3.4965193807673165,54,2.6367510637566327,326.1276174186459,7.790189423724433,0.3467108492285781,24.1066665613338,167.4127454400958,126.44266748201434
2.711160232746094,2.3690420387127546,23,6.446771921428646,118.59273130126476,2.213650600660781,0.47200683854640235,22.509349899663157,145.44073921358145,74.93714979901
2.8441369498852396,2.4186986466734206,39,2.991883234118507,261.956735676049,7.83089088492776,0.5790760845084795,21.531117126539197,142.37207117298223,199.0159201238674
1.977005212457796,2.740944205582764,59,3.4245236497105864,403.8508489514814,4.489345298931975,0.9585522629077916,11.338271439240545,71.62570346206059,394.6872086848306
1.665077886791515,2.9690459703820427,13,2.706787348966108,479.21987688100097,1.5184178529795285,0.8765720335223277,2.3150666594050344,54.44041697971866,236.15540554336715
1.8419027438129125,3.236509543060592,27,5.060011867347654,169.4650037301658,1.2447665206526972,0.6743495141236695,3.8451116684814237,50.068383259349744,343.8378148585727
2.1406616829393847,2.7378272791395446,46,3.39880470789072,125.80259453757947,2.06648053029305,0.983162045332538,9.180516469004884,172.86641484132184,310.8285937526615
2.72702214888374,2.925069432266296,34,3.220041749890894,414.6731024752707,7.442279975190019,0.8486679104912116,2.362086998900571,165.8810958492138,59.99831691151118
2.7910958748845154,3.494941876267513,57,2.8542223368929656,51.03393593870085,3.606126682461701,1.106436719691497,2.3944449840495565,93.70897032233839,494.842994170568
1.510428195796786,2.073366405781196,10,2.9132358284960627,148.1049213690314,3.4657570099468575,1.0362240742248237,23.081875937775454,35.156876564326375,68.6426399687245
2.2661209538663485,2.5048738886880413,62,4.838682801770355,65.98925918917456,2.849046958026305,0.5275322454802804,18.241645548738244,82.62792787571709,485.51123194181827
2.1261165047231687,3.426699171769105,55,5.252831463466382,141.78681482017902,1.6029638792494127,0.5442947198707802,9.105987771567511,127.67525628601317,297.4388802639792
1.8331617157060953,3.7904136753743987,24,4.089515953857604,149.72560395902786,4.158883978943049,0.41282082821314703,5.050825284821922,96.33659935119104,483.42156217927993
1.6797980510005242,3.023354884231332,18,4.419588326368293,263.2204771127168,1.47535836883354,0.6032682531457108,13.767621511586773,158.23596101176904,101.63911973622595
2.006422757105442,3.0642269705306315,24,5.243870943931936,271.27991857760577,6.766101772867457,1.1995895268471848,2.1229616996503826,199.54833622776323,270.68383363348096
2.9143645558687785,2.214344022679552,58,2.5695191607419186,530.8443588356308,3.2779773970647987,0.6651760517535549,23.583516108737314,46.3150968052904,126.27684133972639
1.984804398031133,2.8948247336469093,33,3.792522628281114,330.56034187435387,3.3110267583634725,0.4984395912201957,11.540747745945787,97.33365573531876,72.93869466009909
2.278185932615049,3.065234532910046,13,6.392390992281386,447.8726210867575,4.055048213623669,0.9862345960279977,11.253703970458654,91.88694136495619,327.8881017780402
2.554528438342767,2.4849410072694593,21,4.820448918781873,107.27554685615809,3.8309578487431373,0.7882239031163905,10.983652974380991,67.85358122230065,143.50253943276115
2.0454444035689407,2.5384864618987617,46,3.516898319589973,173.99131550503162,7.961434797944912,0.43464130457425726,3.5945515989185894,47.63814817685502,314.46365822939566
2.957673124081441,2.7545683262092453,46,4.586920186544853,436.61889253827223,4.590358409137269,0.6426207130447792,16.681411515212012,22.481502133035253,100.56401687704354
2.943670942413167,2.0401423955554527,52,3.8706139524836614,79.04217825769045,1.1615127784240302,0.673022743985409,18.859083251452127,178.5526702725027,199.39391214471624
1.8776734437380462,2.6441583311663566,15,4.628979955305196,317.6287142340642,5.051580061826975,0.9784467305122966,17.550884144530677,89.77125256040034,401.7346511239612
2.245872758838578,2.422896013993089,48,3.0029660472265953,379.65293111461364,1.6368821965240996,0.318604232002714,5.184016346576069,104.41014851500928,246.67318482898443
1.9513174647251545,2.654994704355829,55,3.0308586152771095,381.1801042288646,0.7320323354850649,0.5421176821184794,15.31332386481863,184.218989158174,332.4854367038014
1.9272607415662013,2.2395242636385024,33,3.0741694481575714,62.61304619742312,7.780566152579361,0.7658366711839697,15.098143135961838,157.49519072803008,341.3560733354957
1.5553304210317993,3.78105456147979,20,6.259279167707367,227.15940232605203,6.301541686509229,0.541962068207559,21.97344812265179,34.795240182265005,429.68976979428214
2.4143465009698453,3.1871849071080973,22,5.431595673365367,400.0698580770347,7.850817443103252,0.865590642677099,10.719936142639881,117.42979384547105,196.2152574829886
2.254018534843292,3.358204638288979,43,3.1495275786492836,131.9498548820839,4.0840883601668185,0.733680731347155,10.544176704166986,94.02793253871623,359.2830031621329
1.577218126874984,3.578342477214677,34,3.2533963350624058,432.4786065804293,4.491931483617321,0.6255392293736226,16.226122350518267,161.47010378996492,482.72711317077454
1.917969696354917,2.9968843978581146,16,5.423317899483505,460.258864847521,1.7625271693934768,1.1542877641834608,16.5606710304888,147.60418404627035,378.6095004610406
2.8623988289499804,2.1738405761748476,61,3.1246553791686957,590.0830547453799,2.351805700006892,0.8689435492678117,12.793560228493178,141.17708716310366,270.4417145229851
1.8593428360004587,3.074213083637096,13,3.4382451733393147,165.41309717102519,6.789119111771211,0.41694723504114706,12.190365333599685,74.7035187411804,333.82285002136814
1.7173423081368346,3.173682236041758,17,6.353387331281596,503.8218672163634,3.171392353381956,0.804082527699056,13.365396424671301,162.94310877585835,382.85730399339866
2.2341791404163445,3.49087894836866,29,3.5212260989137274,336.16311730525973,6.701112303473143,1.0026586678808107,21.804041888576172,19.95434616302363,325.52409456224257
2.978475681165901,2.863319092459359,38,5.146529401484587,255.40442787929538,5.817602932152738,0.9376407277435175,12.60683872883993,40.328731272111774,57.50411607042762
1.8630829072672506,2.2551606055911275,63,6.414525149602122,117.30721652884787,1.8287819395389913,0.4548803063657334,23.618431215305918,73.76842186580322,137.64807395925163
2.5082033211088177,2.5675518115974487,62,3.9971870685591706,454.5280835681457,4.305847745898066,1.1751779991360929,13.5920865627155,24.593413803163443,414.71069774695974
2.6424294229930765,2.72616459279727,60,2.570063963448249,179.7216795290279,5.580404911390376,0.7039322811719453,23.831615943160504,54.6489127315914,172.69279129061812
1.8564563159885994,3.2918344826632024,54,3.476589161689497,254.28210103017517,2.2627791110286886,0.44312250336623515,21.155133742988742,167.72868676960445,379.20295380251025
2.5923245229177896,3.1415566093378238,55,5.823508765366822,84.39822479355264,6.730163828900577,0.4621761787153331,10.335920420164069,190.16779218011507,217.45409685876442
2.05167469907888,2.7121934517956925,19,5.958435343820147,490.7518037007355,4.586207431588901,0.3884114929701724,21.863752689822167,67.8744475970962,284.8479476710744
2.4484587458903695,3.9730304975859596,52,5.574077458095164,471.6236881844038,1.739315378319524,1.0231662975914408,4.53145553662565,60.25800275787926,80.58798491873166
2.4502945661413422,3.211549638713774,43,2.952439276306292,453.48870652327184,4.8723831962345185,0.4098274448896638,23.276085032889334,63.17960392682111,131.5515024723693
2.3036620261121374,2.474453583471989,35,5.682041486785613,214.69393077053766,7.997853531169356,0.4126127314275722,16.52780084690651,62.76662659666033,480.73863358365554
1.6354346550816126,2.2035649452408075,50,6.174711187974017,145.41404084627646,1.6289111874756017,1.0654244532847539,3.250987216013157,16.826734615334868,450.5621240511113
2.752953743383857,2.305718278368664,58,4.902438170184944,400.65429545862634,6.625676975896461,0.6101436760028036,16.817904643968667,186.11410580291053,343.52379990457257
1.9811700974576039,2.491915456769016,12,6.26350142535226,322.8915112622707,2.0548175239066846,0.3277721138772652,24.40769604532939,50.602646898362394,256.8400688235818
1.7797777655997813,2.321362746519111,15,5.80735553484751,148.03885679755285,6.367912470950655,0.3467057695665698,3.605415056136465,89.80077407546693,354.0925818028507
1.5611627123321459,2.3731340481026115,14,5.167886067963629,427.25119907742504,6.009334423410599,0.42795340203350596,14.757817324941986,11.84050772078387,328.3746300922725
2.3863394147823627,2.570190337387694,14,4.808740946846992,595.119537501717,2.753670392003243,0.4920540131781206,19.199270044465564,173.01146727386086,305.84851502207545
2.5163465427634235,2.3467471905895096,63,3.894294668967882,460.97077325812074,2.943673381733374,0.8986315748145648,20.63594749408922,148.91989544643428,76.62968233859382
1.5248817433917843,3.7935308492528503,56,3.1371497809712205,456.9925126770865,6.443910439721893,0.44159365200164535,11.518031702378304,189.8836466830036,334.7611747976781
2.268139587448921,2.1604674913232844,32,4.919815690762164,572.6720141118254,3.960841339154845,0.40698695205936475,6.695830860869589,158.50694104731582,396.0140200570258
1.839743662796907,3.0490227791405093,58,3.772446214472478,161.6150021661962,5.981135215338566,0.9882472273286511,2.973872411764828,69.6042372898924,497.336744590509
2.4677591856141747,2.8207936539793232,18,5.965754670110582,361.0524807067922,1.6098811052437607,0.9039497554739229,15.333701613236169,57.09593815840049,54.985348667439354
1.761549643507487,3.964757233817213,44,6.473347749434514,588.8056932686359,6.894183364261651,0.6917917993097125,12.416954616155047,142.56609843512567,378.57805398980446
2.536406607153699,2.2240778043361047,29,5.50971105046229,140.911761033596,5.8316353751173935,0.7943787943320935,23.821121088443352,79.18142725199489,307.3051921711912
2.080103019450806,2.7957111980914835,58,2.861926781148203,435.13857769448657,7.302071066261254,0.5807856182937766,3.393912877442925,117.58085299299715,245.3234792364305
2.905094983105102,3.9389408665507375,51,3.6547423821225524,372.19558028454605,1.4927928427622934,0.7342503782118246,17.76409289925813,11.188919495029344,107.40657855711689
1.7062814162189899,3.7310142517879603,44,2.936438527062999,372.56350070378886,4.9476087527044825,0.7560053840844712,2.574223108761315,21.758283319290296,234.0883168856943
2.0115995265753877,3.6341441418985596,59,5.102046591166863,433.71884513604135,4.993404387802439,0.6485135440602863,5.942986064342483,111.71990882451372,209.46973234376088
1.6702102818608835,2.5158056540898794,27,5.560763458223139,561.2893075816263,3.1509555541008685,1.1159149896049463,12.432316998225184,117.55361282515138,186.273450040434
2.887040427417844,2.341775174780132,26,6.202699323522847,480.4200669182359,3.9384981842694335,0.3144556784829055,12.462066184465968,152.7760594472753,378.89583049499345
2.8160090300714717,3.337286439848862,33,4.252689385647951,80.8748568789155,0.784861724673901,1.0039541367821214,17.771112487473808,35.07341072855273,365.32648457791873
1.8869124415727334,3.858751978255172,12,6.105502598353777,519.0004109316412,6.09395028970259,0.41194454811719183,22.9348998019584,107.50478591378797,315.0590409414102
2.4899760690512687,3.11352578602786,41,6.011564636165311,174.04773145915294,4.619918595523806,1.0177926244834794,16.69773965504318,46.94505244202084,472.3991659820175
2.725833300301824,3.1432253789397997,44,3.7687828670615944,257.3027906050046,0.9330578890188033,0.8543207241090491,23.9313072505847,27.70726271691199,207.4344728813845
2.3328012173991937,2.5599581873205683,47,5.975602502162284,303.9530474868102,5.605669197203642,1.058950281842762,22.277159717193946,87.99420087150537,159.7108719695808
2.29447586753401,3.538985866383874,22,4.0026890075269055,314.4983004141883,4.00086557923391,0.38776289307680767,15.443495297208175,41.033963136920875,345.1564908942798
1.8627784363506774,2.3740874971150467,56,3.687477098241123,289.34921959044624,0.7584594456875,0.8030825706897966,21.177214871133028,52.138575856540534,139.46632742183132
1.6396541517088488,2.647358472808487,34,5.096298635177572,565.5443118187254,7.772057951360715,0.7509790922359774,16.779285037443582,70.33537017520533,191.75472823254108
2.84582363692999,2.850872877232834,18,3.8135249115403242,438.3104542152135,7.618341073170804,0.9355738646670226,3.8068301112457243,59.28379614120729,151.07109803369818
2.850627085744996,3.01522075736891,13,5.020834993316576,397.1438552761885,4.346768121103982,0.7808614967043082,19.032988634968728,26.642346507129815,81.11910547332556
2.449652185909902,2.4848194648301605,23,4.939327221994779,77.41311528061786,1.2025431552943264,0.7866611104197937,4.182894149148963,27.084086523343434,422.37443373605305
2.008544686573051,2.229673649478407,46,4.753755709393835,547.152331643206,6.159659161989438,0.6866363492184582,15.663903953103386,46.717388894491954,164.54324431474754
2.0238143619189914,3.221240084883265,43,4.021678816931191,550.1646056046179,4.189483250792968,0.5779509816066067,18.16072473473926,19.6062457123124,262.8623765043593
2.588933518305359,2.5772611064805115,20,4.6939988866059075,479.1171848865563,2.7683560871703494,0.7340379251269729,3.5301349888496705,129.02683373861615,69.49187296444038
2.8456653899288655,3.1624764428452243,50,4.885941899941686,53.866062097490534,4.185636331464176,0.4066431228915605,7.30827704031023,64.59207613669138,364.7027598136894
2.830629636397676,2.308725430548405,12,4.682747553981894,81.50413809269284,4.418331090540983,1.1653620050847762,23.060461342017945,63.151733876123494,198.75245103783087
2.669813318786436,2.9622802037096347,37,4.277677811004806,173.87303624766935,4.720337742667544,0.9429696872639384,16.175233321356615,73.07967590517538,385.1315275231445
2.463047469231432,3.0651788651031717,38,2.5586682281850552,122.24217447969869,3.809177852414949,1.157220405019062,7.664578432642227,135.9312920998471,235.58137721053976
1.6262099474925733,2.103647073644854,18,4.848246830804603,269.3598163370512,5.043164773542925,0.5040546440969669,17.88563473640415,175.4204374818632,138.09002288253106
1.7424430711419205,2.6732085563878414,12,3.1737775405708786,557.4426819482843,7.39051032954783,1.0914069181588752,15.725857659118862,154.2265171855713,280.92878702691615
2.8478312827906187,2.2688293538779485,34,5.070303875788758,309.63323880834906,3.217010653239434,1.0279109861071845,13.536241098112813,148.23055374276805,108.7270518368479
2.409643589489385,2.1267499409455355,43,5.537377311691464,57.37144453769108,5.942873474149618,0.9094371712119063,24.452300424725927,102.03432526416135,248.24262194284765
1.5137955774249445,3.9799204647798905,21,4.501781236522966,205.5101292683191,7.208394176181741,0.8625262674766851,17.719436880372704,141.82305582380823,192.78746483921896
1.652207314299048,2.644707689949446,51,4.669454659918953,74.52719960512884,3.919844568199527,0.584894698741083,10.635145522361992,115.0248499263808,460.3818128898349
2.495252653662084,3.6197488917092695,18,6.305914238663965,69.95819243742619,3.8259187728642807,1.0347697064685275,20.401688937767965,51.08760035544049,77.41792477432398
1.507592375769328,2.5092813095275277,24,5.888669445490297,201.64591920255373,5.015877390160846,0.7513639153317604,22.34541573718732,49.631789870799636,362.30783634758393
1.741212077126248,3.3630054444478583,49,6.156946063805879,201.58678627342,4.935550695668661,0.3638024183021568,4.880072868887122,66.31448130630386,132.23802469434617
2.323100684049879,3.520455719779373,34,5.755065153278346,482.91963143088225,6.549420067447078,0.581576844769617,6.61271849044113,183.0525074842645,193.5702834495079
2.53784279653904,3.1912774812156885,14,2.9356733673869257,586.1590590296115,4.073625378337195,1.1417673886907949,6.9732212099389335,114.00881967214792,236.98132837792969
2.4779418892539007,2.9431523771003167,20,3.095967423880779,254.16390163949904,7.970922122295809,1.0656122345443615,17.89787161589043,149.44202163035519,458.6067902187384
1.8364039641908396,2.823681828294537,43,4.606495189075838,285.8877833735712,0.9460367665046059,1.1837151282688851,15.869909766225517,75.84616436514405,159.1602197332213
2.568268832021304,2.6977365330859904,33,3.484278635191993,514.6341899573117,0.5237588643552631,0.8651940443436883,16.23680598806753,87.46599642639279,91.08896114510159
1.8558736312452,3.8590582884956515,24,4.406781900164637,197.47646105253236,5.301487336697178,0.5227590658263708,23.63778589285852,33.857459941077764,193.41032179573563
1.9880995472389016,3.6612388155754583,47,4.077461295273401,136.00999242189636,2.738261842714075,0.4465335447091774,19.845965254568036,42.54604198611737,97.10418674099
2.619737107677036,3.930053821333025,17,4.697656953721813,519.1992928720077,2.3028679152461287,0.46822299654761546,4.942549263771014,167.19774541696765,107.86841868224863
2.474449348570822,2.2485944469710892,14,5.487502864543291,75.57532254203602,2.8392431000321032,0.31781609251252896,9.992662895779164,121.11934002088759,308.232769088762
2.773835115741267,3.4617349504072887,57,5.361963628397097,390.83469210967866,2.420356738287157,0.6516138998873453,12.01405386204192,74.13116851792559,77.405869894772
2.4864193384505153,3.8766809136420757,35,4.584936529941338,359.0960661067437,0.7309253724533589,0.47228491244958826,11.107116541194912,162.54172970915374,63.918896627104715
2.3524629050032075,2.3624661323313205,27,5.789573675268232,240.25624612593185,7.7864978179294155,0.6704899144110321,17.39409801072322,56.83878207121677,371.486345661724
1.6405121517421386,2.132992534733555,15,4.223448366152134,223.35423660354743,2.1555911633958633,1.1414949886548889,22.51354137490094,195.4462127340387,212.74119267847004
2.05157370458915,3.482241298580118,46,6.086857159360489,474.5217493998917,6.005223219419797,0.6874861885564709,9.039183661024124,75.51534547177225,106.41890715524298
1.8978035515225882,3.148946226359824,57,2.7851210802206556,97.53353591940056,6.219472960206315,1.0901860472863512,14.693174137687269,74.08908128873324,164.1257468868687
1.8659844650686255,3.683657553516544,22,6.31864012013323,180.23137012126196,7.46943048505422,0.8449542899542888,20.15641670401247,69.263262051974,338.93892830857953
2.9595158321286683,2.279544753252579,37,5.118772325725393,452.8468025109494,0.7291209282003498,0.5224183991952527,11.573015353443035,33.201188025614705,173.99145521338303
2.0896465870001406,3.5905346237197806,14,4.020298035748821,351.5763210495333,7.040362538352557,0.6202692833332902,5.866716953183804,31.116057993082357,272.53450630418354
2.8380698327656697,2.403254640095489,22,3.2886165062915094,120.39351469347251,4.454196356298501,0.37552758223928645,12.92387220106621,133.13995656148344,104.76288802700253
2.4467079389958943,2.327311885731409,26,4.4167329177744,535.174587855133,5.244080824743709,0.6001163342364094,3.270117977089655,176.2724284660289,314.64213692245113
2.692216955312473,2.328531595861986,59,3.278233292741204,266.3963156099753,5.333527078407752,0.9097868509531806,23.674819442052367,160.19889695161797,192.23495772946882
2.2539556396577884,3.629149440462764,49,3.1653264309725686,505.32760642719506,6.648483537385457,0.3648999836364917,3.72088771948438,36.81044286405671,332.13579553792243
2.3653558269395387,3.3303944413924,54,4.969407029651897,483.24215854023976,3.000554916193329,0.4848612676302264,12.084504450763298,113.66060314049263,413.7776970368103
2.2387765407282956,3.0461308495382386,41,4.592338898327139,393.4339955594504,5.99788392394995,0.6432969372719803,14.187269005036102,30.0623937355616,325.2408887254966
1.7928644816970667,2.7176609682470048,38,5.180384138443767,321.96462221230115,4.464335822916478,1.1838445833143663,24.661988142607566,18.605982286484714,183.0864031677593
2.5836781728922578,3.7544010816262166,60,6.218423509687957,588.7529622099663,6.450455107290108,1.006375640662992,5.818501943785797,134.71331328310578,165.08466569673516
1.9211585436612837,2.7848902148452708,12,4.629040853356161,129.73078980889937,7.929095245776001,0.9601380718428933,4.631924928084247,111.67894339926656,197.3394314300516
1.5364739496471809,3.633198878943154,49,4.823728213051191,448.83565015311314,2.0048826305282095,0.40457186087290137,2.2002413824385023,25.58450019017946,124.07923095642718
2.4682084438607514,2.8782698171404366,43,2.8585053566197685,155.15488580563397,7.959864811699984,1.0028963042534922,5.578143047993953,16.638456817137804,131.52733288250903
1.7656660191105735,2.753888858849815,49,5.370543143634518,236.0447079327916,1.173591157120805,1.0067419303644136,6.767278518556355,198.05371854777357,405.81099585507553
2.9106878765293716,2.9253595713392126,36,4.099620827216625,219.7843088552574,0.517381609286104,0.8409924260618953,16.503361656411123,15.704053108323656,223.12965942835024
2.930892865503881,2.602755748328284,22,6.4069009546503155,570.8697932562976,0.8312145213337345,1.1913256037985347,7.053256179002209,94.46036807953033,246.19783125676364
2.872296585330673,3.4952187603525022,54,5.792696062382641,582.0458977835514,3.0633680355257127,0.5927285153320967,2.47197873877448,105.87761467546215,317.322259505065
2.0552380503831666,3.0054407801849585,42,4.589924162064474,150.65849432909994,5.246797480088256,1.1471452034176663,21.01222194655724,32.28322808208456,315.3440728181964
1.5231849247933011,2.4644253902936346,15,2.992890616688664,62.119338163627305,1.0177215566588722,1.1232580034608532,10.408701123091236,42.12173790354609,80.31959218486658
2.892477843881588,3.799149146549137,33,5.937663173122356,446.0044218147122,0.5424936089717545,0.31033259377444006,10.13502379135688,76.84295121796697,424.1933538519495
2.1422762224759717,2.767782442746423,28,5.699124381696087,279.8944636287664,7.528182713440961,0.7051048738273299,8.95701767086231,154.7184164805959,129.79694895077273
2.9499822285655046,3.087105722227977,25,3.238340518148132,98.86213479816041,6.664449769549472,1.1793938097464158,24.43358537436768,106.34566057145068,375.38223622235097
2.9454299656338794,3.8129442219290937,49,3.6811131568812403,426.06475806737336,6.568873783542733,0.3928092261672682,5.912654598113474,131.2013561650627,397.70194465767497
2.77951418320104,3.248475991827984,37,5.673629032591349,349.80804054338483,7.133182066264828,0.7930062249449874,22.65947547092441,197.1831654672282,371.70479034109115
1.9416733381043785,2.2337960814167284,42,3.2409137861896387,589.2842521006083,5.750257045790783,1.1810617563369936,19.866476639217424,155.92103270950983,310.53994094936536
2.077646592902888,3.87966424722695,57,6.171009956685509,175.07522272375843,1.2830309731106109,0.799945881695274,3.759038976484201,92.52868464683137,56.57404869899729
2.7767050072752855,3.2554161061428357,50,4.198109700785448,272.1878319796015,3.493251410552923,0.47083377267494037,24.69476933451952,94.82396514134426,212.1689715634268
1.9753830077344166,2.6698112293141723,22,2.8481558503506346,348.4001918674826,5.923621148484721,0.8239649070833308,8.241417161397242,127.56669463779095,322.17774321316153
1.7542391200291387,2.2785441453267747,52,5.762994574017124,485.4349936493434,2.6025084559364067,0.48399651655459214,4.267407321515484,136.41938959959182,224.3530831651424
2.3352018936875254,3.5880503785405917,54,3.9940387321535504,351.8612611960323,5.655547731021782,0.7677338366050357,21.074227384892467,105.13507590896755,438.5659527107659
2.9042321612411715,3.240145511857027,34,4.6059967766151235,387.09508847407204,0.6837383620073927,0.3666379961211132,18.253537274587096,132.52363233484618,188.9610239073269
2.5440446950124596,3.0669221839526433,62,2.9492173776448767,174.38087837446741,2.796030056596949,0.8449344022929641,16.19603253519172,14.471173938678767,182.0906566063972
2.3550917551340476,3.7877851661019153,51,2.5103360593799295,515.8053004487078,4.618477522078795,0.7651109452153423,5.5875598650754625,91.62834414040039,169.6989618916961
1.6457647406561529,3.5771944224490615,45,5.05194082317319,285.74680083376165,5.240673721296817,0.9661452318853168,13.005410673887123,62.998234453960585,199.751391032358
2.4225108400487545,2.3033497594655024,36,4.560700681334927,127.5277951369731,4.827804983464331,0.8676304240429065,19.95278861840592,34.54314459619097,300.83223394138423
2.985080775156395,2.6234441355910967,47,4.874154276492589,415.30335297797956,5.733172070550721,0.7946456416776809,8.983350577308325,28.913837433667275,368.1568824226659
1.710126022854786,2.4969782796289315,16,5.674975401522065,168.84974925191915,0.545665611798793,0.920800964323309,9.168866055845953,124.60651146678683,348.1555629824533
2.277494478545605,3.487892585145354,14,5.0864236536914404,103.65938063161485,1.2570589998314112,0.42954772221500775,2.072240839106809,109.48410395899623,413.4730189916658
2.8160596078919333,2.067064869471559,52,3.1990937713095087,524.0927996223497,7.017081892093588,0.8358236951327436,6.007598237843729,58.180982229310146,448.6612979738412
2.6111529266313065,3.139779369742633,54,3.9430900764423993,303.0892454686418,5.613114830676209,0.4548995425404999,22.13432937780219,99.48051116677776,417.23556905450806
2.545523611492902,3.524917371481381,60,6.123564419151041,462.106041982677,1.3469873201450848,1.1329699870666927,12.160169307667262,103.52413988465757,58.525431518459555
2.553726125980664,3.7535312735234987,40,5.579778801006716,209.8231578934953,6.815558280489344,0.36150069436104376,24.637393482391982,47.051706283337005,381.1630790983949
2.0392367268296328,2.6841634974318147,32,4.726548231746869,482.83357420471646,2.316734133684252,0.6873372747217139,11.101283162197229,133.89768175751362,143.77980812824921
1.9403877663967402,3.6425146093440257,51,3.522579991237089,111.56475986184168,4.086949131464176,0.9262177298899004,18.44928845994555,158.3746777133572,109.81761921859218
2.7140417332177704,2.2212634739104145,19,3.70824200733918,245.785355587169,1.5889738466349521,0.7122199905014328,8.48413798680877,160.3780727690086,337.319953159611
2.715170092018771,3.692904583469036,41,5.427832270342538,587.9339998854407,5.8258254231628,0.3828857279096121,10.36762174624147,124.46926783365646,193.88443793346272
2.8006084778701554,2.254977324663965,52,5.904697043411083,486.69434400240334,5.501408157607009,0.7980411145140366,6.386697714590577,107.21133067861267,75.70272351669946
2.8698608288347067,2.7945745811207345,62,5.185698678122458,323.4907616730785,2.0833435337460213,0.877468717944619,9.982434475486084,21.59135717102503,111.93338047926261
2.2670135982914066,3.5945907315591072,39,5.738119903073767,236.8776093590368,6.975505751427514,0.9334130798914568,14.586462969674791,64.68794678180511,50.41823759148248
2.2522744420307994,2.2998348546975476,48,5.566624540801624,529.6746350123622,3.509795181647841,0.635933833016483,24.810776262522737,27.72157488785228,456.4506323051183
2.6974427684501627,2.4585027904652828,40,3.098815871827831,349.6662674964836,2.6938631830305635,0.807293973925886,17.27663940065107,193.12640056690998,61.078092728557365
2.4749458961666475,3.4445051367861326,27,4.195779251653208,467.1337598280111,1.642471920984016,0.7056178274450218,6.582656951391224,35.66522778289453,144.25509627928
2.552950315886555,3.4400730730921487,45,3.1119352033142507,464.75922417389023,2.496260093866531,0.9048504348770279,3.034113156605676,38.83732787170939,237.3182513095583
2.6936890041541517,3.2822952657705944,11,3.4409423392079392,59.87012321267051,0.6652019091786274,0.8252012705923366,4.906199070233744,179.01955748279352,210.45709667786858
2.8350080127263495,3.3878968889342,23,5.977038498604211,119.4395805359374,4.874431193420866,0.7731805976032213,14.93876962928009,189.346373860527,460.2766446107491
2.006992735277304,3.0854488866951923,22,4.391567862532728,412.7961515171082,6.8167305975796095,0.5245719301544237,19.598687562785624,155.50751745463288,68.13002558054396
2.063374428959916,2.5035981178139055,38,4.641432407370644,138.89089620722928,4.617353370812314,0.3018166659734105,23.629641767917178,11.026935497807276,280.49661845467324
1.6409729097613035,2.691391987007839,21,3.2137838609110885,190.5213395605826,2.1445547144290678,0.4566735077802863,2.3639329559268787,10.255791481747103,356.21575813596826
2.367420211494261,2.3631954336028516,48,3.749087144195184,570.6508748097839,0.7525188366040454,0.4053594372817518,14.023483255923004,81.83914625961565,469.264088156526
1.5539134106951131,3.8169011226672565,11,3.4209846737114797,358.1002421062015,2.1097105494410213,0.704176270509852,12.829949193133066,37.24512030206958,329.16706345567445
2.1983970271986903,3.166783589532241,41,3.3247446580737057,462.9012288496409,3.6209107105331926,0.8510323356856602,17.08926550544119,13.493367008803485,411.6898562052932
2.313966952061365,2.80170283352728,22,5.05184317326388,356.88940633045195,6.197085715248473,0.4917765078163273,14.870313652702865,98.17267098685589,87.67622203040679
1.9298118781924267,2.924011607288265,55,3.5275353905828593,353.88248813049887,1.9088213940333059,1.1451513863704683,17.801900463397054,189.18176050732458,223.67277992161732
2.386249890853516,3.8945666792236304,36,5.028061944081674,101.78355056913384,5.898435900160146,0.306013916301499,17.135899449231378,71.52571923146198,218.27621051558037
1.5457503749085741,2.3067028062321606,58,2.7338184564342156,239.0147559350067,7.002001012639128,0.9950709136488085,4.691269671732762,135.61672890145235,448.8296974050729
1.5560222831238217,3.1724596640335943,50,3.0670975741084074,205.33699427758145,3.904601360812678,0.8626842925773979,20.39351201323055,133.92471709516374,118.11702706847372
2.733900840989487,3.011777357768932,26,3.5981610160005015,264.9006010874873,6.66073993731945,0.6361993209429136,4.834349241475471,57.705219696381874,118.34877755148362
2.0402859621168945,3.222908470869296,49,4.888187667582766,489.0893035233806,4.6599301102632165,0.3454400499711671,18.066204379810152,133.5807972765342,197.85116744860932
1.6905907689778272,2.036220367641681,40,5.2033649803495035,254.56296735427568,5.278181278106787,0.8647379146058514,11.571343455733954,50.34345511450934,74.50972131507692
2.2833648900822068,3.744247817888303,43,4.270867867118108,298.4332505774255,4.44708845253652,0.6470521615790832,13.818566895261752,33.18140857960892,132.1061182936205
2.6549903296479163,3.864236564967225,33,4.283163658308916,268.5597647669241,3.973795375635063,1.1426404254718971,22.775854330641344,143.2628242563411,484.3443373455808
1.8237315412452648,3.130266367178418,54,5.398067405594473,101.37438458641259,2.25990081331887,0.7877910674007893,22.46732570889019,31.553755249744178,242.68277294022778
2.4343357137285,3.3933016477537845,44,2.5632843670623298,292.58968703793107,2.7739554459578453,1.1456863601641574,20.81069503006568,199.4127515319775,334.4086437900964
1.628021197490652,3.8449987623545914,57,3.864360097896882,157.58510017448327,2.6747758920770677,0.4984353241259737,13.733412750495436,44.85595621854357,376.7500667050866
1.5775225817529115,3.414477268626797,15,5.774828228476931,152.69781267517283,4.72466698215361,0.9531533193276929,18.933515633078162,122.88695392372694,215.13263315324022
2.297031947352222,2.305078085828523,28,4.912877640853489,101.7198574388465,1.3996526976791743,0.8555241187638531,13.796632276932616,88.16116856839199,116.25218348473264
2.31095268241516,3.1525767203336263,39,3.8489085310216815,246.1690357779706,7.375937680267514,0.9654674068481806,22.00093989691988,34.013420257076746,142.96145729980137
2.4561448522473097,3.213430092765712,16,6.1220991693186955,466.61503663417955,5.90491358962335,0.4932010775752831,11.263844164356698,15.290342439708546,190.96991446127467
2.5891370005839924,2.848261342604772,19,5.590490909797531,202.04292982086784,3.5108422318489523,0.8984950646139962,24.315412921542165,128.3191336356383,336.2307891585015
2.963778119193802,3.472888471249446,50,3.5595817889469337,221.79200603703245,1.6896810839478347,0.748236353751182,23.443423439264183,163.28393711993397,229.22624709007448
2.274450522451793,3.8687340295380297,41,5.081159350102867,403.47106171983296,7.114941272912269,0.9685424774156846,19.056860247391068,169.98297568628135,53.066614055057656
1.984434709411869,3.8511370258135527,43,4.883002912755827,157.71244692280538,6.678335675758739,0.5943401797366359,8.426565336049656,101.71555988461755,285.5332332803623
2.6927792921530553,2.901678742808264,37,4.104751656155931,543.3268617329438,5.912911645378845,1.1010513229187273,5.028032542244943,157.71653876465325,464.68102635833804
1.9062483768931113,2.2264760916815103,24,3.9678243168192027,336.10478778835494,2.536602855584318,0.37587118315021534,21.65817935214354,137.8409553628235,415.4349249539056
2.158457131058454,3.969682397924669,39,3.874241899102816,296.18161717611935,3.518349780752517,1.0264703869120693,5.80195258117311,147.6083602248353,421.345117066834
1.617684572013399,3.677796172891868,46,4.968623133582588,356.80110556106075,1.2706118933931752,1.0751876632335817,21.647998146938722,103.59381099214468,407.776107922759
1.5380261151231862,2.249325362406534,38,4.269639745922678,141.31887237890749,1.9177964354564878,1.035527080230139,13.28759515438429,130.34823064600414,195.67887152469063
2.9439726220168874,3.8416837652347446,31,5.827452453005688,387.410226251547,6.372624779875497,0.7614537548355984,11.350806027586398,163.04992357945082,394.3372251894764
2.7539701807683086,3.7397927241242566,13,5.1784104645358475,249.70540514870575,5.862790391380129,0.6945464820276852,22.77338791319187,85.59799335583438,114.42261101503685
2.543961309140547,3.037676114252144,29,2.7797264228377365,543.4524875305403,4.95114322231951,1.1966360578723891,15.888572598426393,163.1359911648409,345.9722662741791
2.113429416621405,3.1825508714898585,41,5.060672895312664,142.8698136727274,7.217950444446297,0.5062547560927458,15.26212216398351,122.48320012992194,338.70585500824745
1.7599414801062687,2.7980054077402605,45,3.584589746000739,328.8781071259926,4.87449888359784,0.79218836928844,14.851616726361145,41.521194630449386,61.5064095903806
1.734655564006629,2.1095232776440627,59,4.871247966613691,378.9619461529599,4.00225999972708,0.9036079728440929,10.536898868449223,14.689989872671077,404.5865601159192
1.875364347246893,2.670394483291802,13,5.220527724413806,68.36098098250967,3.05278059729322,0.9307808722752886,20.069791381169928,78.92318407583889,456.4616472928087
2.3238399970591805,3.605706897196023,36,3.4233167566160483,250.03121861587712,7.553363793021294,0.4836221991647208,7.814364212362779,113.87230237630457,170.33687531244846
2.571893884050094,2.0092640460092057,26,4.327434579521475,452.949379085458,1.1203659614326513,0.8885946831058211,23.594584080949325,169.5658669186628,415.5758258837679
2.490296065076597,2.6669983433822884,21,3.261299451276271,501.2076290969353,7.481655290456063,1.0365326098332035,22.561659716080097,34.222279226646776,87.08268733787669
1.9199008454189141,2.796337387181887,31,2.7093555031460332,222.23909714950528,6.700359949482637,0.345016719139001,9.762047490522658,162.03920605988003,319.9855362174797
2.9322979209947913,3.0747912058758455,26,4.013905693943476,489.2262998105132,1.4744744340177598,1.1203691639927849,18.777666706128265,173.9717187527731,268.5410894004247
2.606845375043653,3.839711232825521,19,3.951777087383968,582.2657324068639,4.737382682564402,0.32655364963068534,15.184133472340603,38.63062253015842,295.66558998905
2.3315310787671013,2.6926919887319225,63,6.481921962817028,521.2806648413018,6.999109863118152,0.6203739292395549,9.765933945982397,171.80292066780163,466.7923408479553
2.4175811193515284,2.6939064037924556,10,4.285409404790569,114.70419348762886,4.7885687270536526,0.31423187660966584,24.735997903895274,198.3761778901305,442.0918612610841
2.129400093641685,3.4750024962194965,31,3.8342781978888016,456.85168264704737,7.303998661704667,0.36943065168562367,2.5804589545100765,148.09937789916512,403.2876457578907
1.8715964842517363,2.904435881779614,35,4.8219000268666985,225.8167578422996,7.572378626120319,1.1200514566620712,7.810858704289593,159.1062395467477,173.16430595526694
2.0339590179768923,2.449209645879964,27,2.855069576431074,593.6287941766421,3.6678839163822943,0.619374747671533,13.96170340555646,198.93890083618595,460.3183829087412
2.6367691656965535,2.904879032265387,59,6.346662943819252,316.94744073793794,3.329852460547427,0.6822943773825476,14.00491908000697,125.04143759992962,93.87846160874386
1.5215902329446338,2.2817140407595997,23,5.039840182364133,117.33864409741757,7.522408654768676,0.49380994324429733,15.545460723747976,68.49841258308739,433.9981474514545
1.6741089607603743,2.3527739730124466,56,5.5193512797633915,448.8520514150649,5.563550458622511,0.8373861931680477,19.288551956527144,169.13085847445058,197.6720325591235
1.5690039630326291,2.9967355454789595,38,3.18191175269567,227.6561591124176,1.3701701101112698,0.8353228932100105,16.33999010194382,126.75229772720994,74.19754024789252
1.5610932034784553,2.837850899009096,21,4.137911412020816,598.3929863949139,0.8171881191701089,0.6349803526426973,15.806473592144851,120.42713050698174,351.21064290833675
2.7831908760165107,3.8296918021362,45,4.190756453584758,588.880351819987,4.734717882479473,0.5997313846248584,3.2308326469999957,58.19075554766727,154.07596774217996
2.5554867890700352,2.7247877982332662,44,5.787225775604347,410.8737099113194,7.476282240788184,1.096467877362529,10.660196619153862,153.70351122074845,159.60700663908437
2.2112607436309877,3.161176700556087,61,2.5049467190376378,121.40454692344467,6.831865268043638,0.6449558156779812,7.337282013126588,25.51678241341829,187.72122480294718
1.6467512409765022,3.2645285758390608,21,3.7034124334130203,427.77354872126597,5.568858098482523,0.7441508929389673,8.103512566845435,185.61454345098562,78.65814537613252
2.2374238126752486,2.026188913176667,16,6.424945497377216,101.16676755301496,1.5433688666831564,0.5549742861824376,14.749761909827932,71.90645754639209,129.7072148892143
2.210207656170849,3.327074744033421,38,4.3995461740248745,66.15028750631578,2.4067353781152168,1.0080925530214147,6.5886222433809944,34.277184030098184,52.312832413502136
1.7598028048650227,2.3560719337395026,20,4.0301051209760335,502.6271454218173,7.066334199144621,0.6577033412091824,8.760829323388643,94.04964128945957,250.43428449760407
2.1507774738569596,3.92214063493891,42,2.9793160080705854,165.36412122602474,1.8710542749267534,0.762249941889892,7.452948295898822,18.069282758741302,87.91491983808709
2.09775710159606,2.297325455506226,15,6.396658514512062,258.4649194205036,2.588295561878259,0.5280214530536953,23.81556769401848,140.07897691034358,357.19367226988953
2.4237751470783246,2.8292482474540472,56,2.580105423703298,585.4015644868953,1.4720048839658146,1.1888936331071265,23.72731183993519,181.51404698461766,156.03028303624177
2.4526404763014655,2.1706993361572877,24,5.448720900028972,235.2622760236068,5.570811735608084,0.5623461668313505,16.02865584770919,169.07997135631666,474.6083648158297
1.5679560146580669,3.9937485036918945,41,5.574399219154033,213.0693797058234,7.579867290224072,0.9936682778149963,23.2640167808337,34.2001999550974,442.06323232939366
2.0619189219397067,3.004390020662485,60,3.4746268642554665,555.0143997925263,2.5172602369653947,0.6847460853210832,20.073690845772582,33.99151605046905,180.2484027356937
2.4387898735713547,3.190770034640088,20,5.186233774452149,110.91164492542697,4.065549558875553,0.4855956645757259,15.568801304441601,164.55255164161017,402.4469545955054
2.254704387870132,2.134152954776855,32,2.8717165775175597,467.7703255630475,5.257548047834032,1.019746887568375,2.1480098644263013,185.60831217459202,411.4602070991628
2.7847347617824836,3.4999209407983556,35,3.5281890657283195,593.4360616590257,7.99599686161723,0.6002461101261388,19.767874579826294,97.52726766836294,493.9534013514847
2.4880404474284177,2.4198111861911715,43,5.65160795316906,545.7128059260568,1.286060487481791,1.0786740126580299,18.157231856534782,104.80451221361552,319.02799408055824
1.7444016406221445,3.7961085788814275,55,5.958744768134161,408.4173552885343,4.239280996292819,1.1237314664260407,16.15083402549552,70.46978786328792,86.88458058964798
1.6058531211006448,2.4102792809640143,43,4.933945650639165,222.73343724600258,3.3884008992687504,1.0738414518521482,19.48975916869685,179.91037246871866,341.0767530168714
2.4636289173094736,2.381375441327333,38,4.52735372728193,189.8770896480742,6.993651239167663,0.3315071233261251,13.797209789819611,132.5315520055476,331.2408867692158
1.5397669658124327,2.07309933569619,13,3.137216082475921,500.59030767930363,4.0697579825874195,1.0086360105045948,18.193915240390798,64.76779966180001,337.2577598391943
2.378663371910195,2.9441338902199985,26,2.7524361323166007,533.9020526734324,1.3323314343886108,0.6702055198492294,23.508957994709345,66.7687455003078,188.2155416468952
2.9103453621374364,3.129682266525233,44,2.9705961138942345,338.9892019001311,5.258181089649377,1.0863506281640025,10.643515364459985,179.32801388208446,436.85581328614984
2.3632112668138183,2.1314172788567047,22,3.409429200384395,184.3869674325564,6.2808546369790985,0.8741588364162649,18.286802202714384,12.59046454210608,481.7624823299354
2.082254889309783,3.551055233390021,50,3.8666980075876833,112.11876462614546,0.5216093874921095,1.0502788207295626,12.94081981425205,71.3180488180613,147.97063084016818
2.4649323276635298,2.9065776694960554,48,4.0236381020439485,97.94870730750714,6.942175140654721,0.7494885928801518,17.511191991721574,115.32776943111011,89.66847116149
2.187379335737275,3.0487805386551603,24,3.885287074356014,445.4925960446206,1.8951725000424922,0.7815229541390395,19.546546717750374,38.16131779887168,137.54076492581783
2.3184251839739023,2.881525493876456,64,3.4562213287890624,281.06530031624874,4.640520234900334,0.4299488689203005,3.045407510023307,27.49876329792206,419.2484626650735
2.912197213164788,2.801526121750652,38,4.538896987006792,547.9479308528287,3.618481255155876,1.0055886228204198,16.871810210819223,164.90250290720638,354.4900856689314
2.0791539567011617,3.1192806626164358,38,5.801144432931587,456.81921539972,5.897403624578978,0.6774506505002744,7.215047241359725,179.93683384321636,336.22130405260697
2.9417858457358714,2.310480491861425,20,3.618814153885917,155.19322985302267,3.2837121108930636,0.7500721064444242,17.410748369574037,166.485219951656,230.80691079924102
2.8580259629340956,2.3638562609905422,61,6.269548076408933,387.57758034863446,7.023223825112831,1.0065879426861368,12.77159427647771,180.76969905009605,310.02258718014605
1.7936867021839447,3.7235712420270346,41,5.993346646895391,289.52799991898763,5.978722707190927,0.8389608600714951,19.791713062892406,115.09127450109058,188.54335637346534
1.6040419513127482,3.8922309242672655,11,3.1470568454084384,367.4873519227372,5.357848782971911,0.4809888546984007,4.838218749728718,164.32904298816496,264.7400357380826
1.65116700206614,2.746618632559506,56,5.645103827028378,455.93801783618443,6.471804466721407,0.8312093932358033,16.405414088092485,82.96810129430908,406.87836276679514
1.5273327384773245,2.5414893462871078,23,4.798349529271066,493.40773455208495,6.155172761962867,0.6668695721816902,8.404826765333702,136.59089368101732,491.558718854958
1.6416644411338925,3.2879990864780315,29,4.766301448685674,514.0555295236984,0.76954006191165,0.7225729878394763,21.618585892603605,197.87875096394126,469.6200156154108
2.524510160124535,2.817468342196193,31,4.064171052232698,189.6861810146136,3.460507653836211,0.325480146962401,23.352820629635072,52.88826752943421,470.239674280812
1.6067829726903435,2.0507727113206897,20,4.504611996728039,67.11357995454672,7.481054729873674,0.48902641456465346,24.917160754618273,84.08095179530531,231.00068068120058
1.978463445440642,2.3123051947323807,36,4.088715109716844,456.61210434062525,1.4429320174416966,0.5529342732429254,20.308170255827516,101.20900168891627,260.95544622805596
2.767312966454182,3.431944457694795,12,4.658930475039771,108.48904944067603,6.028224128240384,0.9416640070729252,19.335883619844104,36.22294253380983,367.5359283660417
1.5349079036037387,3.3178478838203027,26,5.011800211090543,223.2057737371322,7.809438585014973,0.31034322596830377,6.9565174539536745,25.397335988360787,464.9863676230779
2.7217027238834035,2.054191985006967,53,5.197215225636194,52.09942376839093,0.8914897178372873,0.6678995351062188,9.7281623567725,167.64734460110864,113.8974167084381
1.9227821621600998,2.4439443238658987,37,4.629924770237705,424.918215320891,5.616454104699579,1.1316241833831595,12.710698460532429,195.5909308372414,186.9088387222381
1.6772472414324844,2.462149593176143,38,5.385688269314927,141.92260630917167,4.011156059757727,0.4006925548942114,19.787764098991744,86.89776212763515,112.66108006734927
2.5451057480462262,3.343785487197457,30,3.065112197102023,410.405325330412,4.843814415310416,0.7647819493967498,23.044214896793278,26.65346887698412,325.4038384817549
2.443414270169826,2.039421075508728,56,3.347929963608954,595.4584394423114,1.1400600236324363,1.0078701441517623,6.350199300528646,22.504234531209534,187.8354485993919
2.8162080202905795,2.208217163969148,25,5.77494001629708,89.96897938550896,0.822552139002046,1.148278176768105,23.214452147412366,179.35045920845675,196.74853363065805
2.6026065657058286,3.599832170746379,46,3.7901119113856607,92.39290657330338,5.501499954131913,0.9720989755803462,17.999367004143334,98.12470744825919,81.91218176959066
2.705221395577273,2.3570893241086672,29,2.591575299904481,237.20905096667119,6.674820723655384,0.9485089937799656,16.047726805755886,70.80519014685447,207.40822781341637
1.9230518588569598,3.305492215703749,15,3.1151645986721244,526.5125828382381,6.365115011997254,1.043839281176186,6.596349239484609,100.52764153548591,438.1234283307134
1.7661593156695843,2.476365562093453,28,3.394457737985245,168.54142783523253,4.57854295899678,0.7015810988797893,3.277075754610463,70.47777799154599,154.88276535087573
2.6259221274612874,2.1988827855186903,14,6.329291551578349,248.20780096169116,1.2490011585213363,1.0252600793560496,15.074692665682617,102.9167973084478,362.8343597945296
2.710252108900896,2.486344381998908,12,4.792165715723398,87.67797364483877,5.660333328770104,0.307167964270906,16.984860716564526,173.315715414408,333.3327552223667
2.98575771300101,3.4445338637113183,10,6.230922961905019,469.73541019238917,2.3141666266560947,1.1321049498391242,6.847973335157829,122.53726050179819,438.5680737661019
2.1189265153671397,3.7113929362125715,47,4.8006534019865,274.56848851769814,7.333015270755377,0.6989758585654577,14.798492733985498,141.98421683393332,109.5295764429672
2.058027128689175,3.660439729133983,24,4.417417760551407,467.5868031834636,6.786990196592787,0.7980421690791728,21.699348263539193,79.28742848452394,489.91548215526944
2.664619441112995,2.79436705923691,43,3.754910764776384,546.9843143907374,5.820372253155432,0.5293940240233941,21.20651674546546,150.31611691699857,312.1828907181645
2.011205310379527,3.3361702731412923,44,4.925483777733502,178.01973090570883,7.616344668733478,0.9682777495563792,23.329169153484834,136.65724612708073,497.9633685560665
2.896135988405347,2.409968590831642,58,3.0567920984701193,494.06781668697323,0.735663661334547,0.36897222582772393,10.41537361980825,32.71677957289073,460.18162663963284
2.7876191277645175,2.5862954605220265,34,6.093046509170824,82.5016395430393,6.021503187955715,1.0853722222921516,9.31514016867113,118.80214209196107,149.6827724508976
2.1434910410625276,3.7926716370422398,33,5.817329620565134,544.3660634991361,2.97682084502304,1.0453051461057083,19.236798137558598,58.78126429885402,75.27290445649089
2.6263066016872463,2.026003847021472,21,3.770125791506948,407.92270115731105,7.2954941426477395,0.4944541046202897,11.915585317231114,162.77817723038262,165.0375922079127
2.6318143111270236,2.171017061708936,27,6.311190110405177,530.8246982760934,2.500063974964832,1.028391958456736,4.0136192726389535,90.9281646087185,287.40364204973895
1.654685803253899,2.4157725102920544,24,5.8008030696622725,50.10361975612005,5.936423744862628,1.0077219597553333,8.504426005421493,198.98999138733257,127.21836517933549
2.85382936001935,2.053064407747639,53,5.165227543340158,142.99458869579587,7.08235264738086,0.868994937978554,11.62739256722425,27.575083208403118,125.35688503309483
2.257878558671786,2.3628708701795946,25,2.987047644501099,264.3676630845706,0.8124261378701182,0.6361681592097188,8.727877785953796,158.2660939206301,258.16709619731887
2.7396861991616124,3.1660831219393843,36,4.4129360921922895,258.7265968560952,3.482356846940271,0.544348878763681,9.640728131788396,138.00332937300973,64.97058702621129
1.9800744015459175,2.8428491011849957,17,4.524430219387003,174.70171060793086,6.21731774016454,0.508605231260415,8.756845842010987,155.82477781223403,104.8496371395217
2.8432848427443007,3.7853434221539497,55,3.4302054334615204,259.8865669269601,3.911891671306903,0.5867480664872464,2.9544808452108273,68.43066114318671,237.13760273357641
2.083802518101245,3.634887123476882,34,2.819861577437208,120.86679160014016,2.504394723451965,1.113202599089277,16.653178118962177,103.49035298265612,78.4084591435849
1.5162564772204474,2.683634703395752,26,5.606894521886771,277.0186210963143,2.1485401161739253,0.3698766983899031,15.737725668129794,161.3366187475046,228.5397754049882
2.8580729646288954,2.518846866862585,38,2.98814020849758,491.2948810375953,1.4863870018728345,1.0459841486276626,17.027820465009654,54.18285300796245,263.30281967680025
1.6369300151792003,2.759384816334534,62,4.877163002247099,313.48853470684315,6.928471698922117,0.6140010675376412,6.423127608773432,52.946307389843895,253.0699763329015
1.9789704563856223,3.1805898850296153,17,6.245796695534642,59.90004891986824,4.81516552438667,0.7694394564102223,8.80005445708716,114.69968112603715,441.1286858313893
2.9250929505762073,2.5361272816457525,24,6.00442077039217,281.7942228685861,1.07288708743592,1.0150370702836415,16.251166319733212,109.4770801106726,288.5281047732796
2.925910720406334,3.248297815698268,36,3.6110104949970445,64.9462588499643,3.369352426779766,1.095938892320674,15.791434074578191,63.629869378457244,260.5912081151195
2.360156832184929,2.818823304382481,55,5.905794550205061,581.4338758887391,3.2580023810383243,0.6103032780653823,13.64559711514816,66.63437359971633,234.8191604262498
2.447755818254699,3.1040943617039605,59,2.5013300244819576,120.09967768257793,1.8630439303209725,0.7156591331475992,10.05950475023454,62.79058100924745,417.93052023701875
2.1726682829674795,2.8722530582706334,61,2.570751238453029,439.2285794818403,3.76630719104143,0.673064458335113,22.997413109817867,156.58729177971264,452.7754717999249
1.9398161575470967,2.588931519083835,16,4.91021265537146,585.0269775906472,2.9907452404485233,0.3119259301535195,9.814715572873407,133.86116445686753,433.9591111387029
1.9929968180548738,3.8969066139243136,12,3.959192876578118,504.3214784166145,3.063527791191369,0.5663485999727909,12.479240598056787,168.159264847948,353.09596015912587
2.5087776841155573,3.5272115883195214,38,4.045843364636589,434.623456319412,6.04269918340969,0.7132703103593057,17.596618111946803,195.33987537966414,111.8127856859034
2.62856179415652,2.280226351532905,53,4.75776436271553,511.7035002254218,2.174475391288972,0.6699842479923958,14.489492909935574,100.09121629167743,174.59148627140553
2.687368565588773,3.7369359517958256,62,3.2671298223674423,589.9892812933452,5.313949691415165,0.9497363047641114,9.97837745638087,22.67183746703528,70.72837865688984
2.684427214191831,2.9748623964990273,33,3.3470214026619134,391.73947348944125,4.779872179107011,0.6463232554989928,12.019830180499726,19.137538978286734,468.87083374555135
1.6368091545730357,3.789104453788183,12,4.438406348075459,357.5516437561296,4.760693842534005,0.7404388040736032,20.27305881063064,66.17635746160764,347.35933836090965
2.2416304570538723,3.5997105118946306,29,5.517014177375453,395.53096075480477,5.47255509606332,0.686647732919127,8.396970576192086,187.18347197696568,385.86329794095866
1.5863381400249663,2.8504270089384667,55,4.977991005630351,342.97173771885525,4.612865271467404,0.9665635340049334,5.271870514866755,109.41048044446623,190.20728281200303
2.3242933234856036,2.044938616640235,24,3.6894201929473556,399.2990082503453,7.094413361347884,1.0766751590882662,9.202753642084872,61.63943805522454,430.5440850248041
2.1622957520600656,2.537354718769892,34,4.221348710035684,297.4132143849076,5.566850689626949,0.7787001711067627,21.53928695622173,85.84169095709372,166.82147766881533
2.8315562741374496,3.083268429321734,39,3.1826590341999936,170.1437505858189,4.602224385285411,1.010488974775672,4.046763441695973,123.73307040688745,50.73969070060236
2.026372518828118,3.2669564396522945,23,2.798519257348327,116.13597458142159,6.723223402157337,0.5671080138178655,24.80900968756639,134.06043504619004,219.38673313431227
1.6756005246414087,2.515775370866405,16,5.630784162976597,87.58751454274321,5.046099237001098,0.7872326491415418,14.443066675336238,39.244706858751954,306.84266643158304
1.7144875230792538,2.2787121481456483,26,3.5615496367527784,194.82368106426006,2.6835818583888424,0.6107069583029752,24.651452111243163,195.63601854358345,265.41718608448514
2.6422659475762083,3.6698604735985985,53,3.211065551404993,75.36796038465361,2.0532118863242843,0.6727808330146472,23.596917707977482,113.50672312672988,437.9342641594687
2.4273270949743915,3.9688043614071042,29,5.266472222277278,361.94392895566205,1.642458392470091,0.9591724783314017,12.414715426851085,35.780780380533066,97.43237868027512
1.6516840141841853,3.0513803646053717,45,4.972206697148744,206.10564586293614,7.245914094095762,1.0934962340994414,6.565294715923029,179.7906981357654,299.2205482851765
1.6261602091724963,2.3433585716966068,18,5.032758504053856,503.4941444478677,5.826015738485494,0.4093458519789889,5.7923498609981845,24.181301905091473,280.8407074194083
2.55145369718868,2.544614653038738,47,3.4155784193864545,90.83248014361254,7.530338286232405,0.8711753308386423,7.519755369009022,182.46973230372743,176.62684197747336
1.6091445095462902,2.0367813530949332,57,3.430582154250724,174.49332188781727,5.024688542862073,0.8239294268200186,18.333050732984358,199.34747469490665,420.00265065965476
2.732790088935534,3.828597613120998,31,3.3832105191425565,451.63538089958024,4.050506611211844,0.40657353525833867,8.27784987882422,143.08204183973575,388.78189514699284
2.5593633407347443,2.2355021657802823,63,3.195010382649178,379.3445630109203,0.9478736672816699,0.4907048973960981,9.85278120089886,156.38497200405806,379.78663429932396
1.6220231709628496,3.153032951028507,62,5.122894690246625,85.47019918704214,5.5373171115952236,0.5799022452594123,12.321912491876141,74.08753892882241,444.2866152213002
1.6272565711277878,2.548110441374412,62,5.892063540997606,532.4817014392102,4.866565698261733,0.4502379637357513,23.004351649693497,188.89960201944743,375.25307027968455
2.9799593677517633,3.108356005031587,11,5.397269878706645,532.4939695543987,7.926566701907161,0.5193565342719075,6.3560486113514605,110.64565356058985,154.3285812716269
2.0614061936341805,3.3028407767037287,33,5.668374535042172,231.72440213167562,2.293690833366823,0.5408407189755368,2.1156107100254715,149.15380485353543,367.503220242361
2.0559632206003364,3.659483607414403,17,4.119193716340799,237.22321384226058,4.4805301646512685,0.6021064497351536,3.3822174386979134,185.58046602314312,188.46626602542972
2.719199350886254,2.412842543521206,20,5.116303181487993,593.9655970925957,5.382180013385545,0.9744514075210431,22.80962585864271,195.2841954353466,158.97859265636174
2.920872866075788,2.0219916573169607,22,3.916944961779098,394.396894376226,5.334433810567577,0.8147209834655407,16.89287869139735,168.30882775336812,82.8516168048323
2.9790015957343066,2.2737712601376145,26,4.60201848787456,342.2240863124325,4.709701572113021,1.1876220047562613,8.279934244539556,67.5733263265857,384.8128611564545
2.630067277888412,3.80003728369621,17,4.426539386139449,510.98370095355847,6.326960077454191,0.6732622442707239,6.075427523257395,193.64402814489566,369.95043287741504
2.0643893782963736,3.7477801551250307,30,3.2075485805754176,206.90968609652404,2.037359071451123,0.9784785664532325,8.76813494265363,129.34271093627865,155.52476495334218
1.6252510750480031,3.1948262043406164,27,4.048315041342523,286.0504263679963,5.942204002058119,1.0843215792388803,4.640329326779442,186.82207050687236,387.22055752587016
2.6657203738911552,3.201033720867307,39,6.355289101929404,197.2771715185838,5.148009285748169,0.9110806437342376,23.655256936542145,138.45995490472686,463.0283973920989
2.3376063746037077,3.330073349092511,27,3.4943210308597683,484.03846562380227,7.2205633384593,0.6706782663757463,20.036742010401138,68.3754027510669,98.61303087121067
2.1363330138704644,2.350742557246899,55,3.035214945117955,365.3421400993699,6.853958292751863,0.9782351676711776,12.634997068988437,80.30465958713503,154.68648727404872
2.859531577642104,3.8288238918499196,56,4.174322486495742,412.3537885770388,2.8636027934941497,0.48330042399541634,21.894139917649646,114.5896376495587,387.61735733929197
1.666796223459227,2.8375410497841465,40,5.661350943440592,188.7689874116736,2.5717799373136483,0.5947969486621192,7.737538698744343,160.10281989637758,173.5280030781852
2.238937656436289,2.766277056498995,47,4.828592919119889,171.12391575752332,7.862399928893359,0.7920167295893599,18.49377307486045,70.41668475466363,331.09878842767256
1.5170304671511285,3.037835410565675,41,5.223899308952978,318.6060459406163,4.454488856864424,0.8178684485575334,21.6910474773161,120.1489215654965,86.52390100867153
2.2029909629911897,2.09393193355011,20,3.2587793926987088,455.6611620010547,7.298157229358276,0.3199273279253665,10.20568036733527,75.66874877951629,253.49111559659244
1.5844549135227561,2.332566737512159,54,4.975792772030886,338.8818666360881,1.7291076783536163,1.1506027698804078,19.421682245366508,164.99618688067036,382.5911398968289
1.6782268744021078,3.476067232852741,34,3.794001579645895,67.95512265011773,5.3211418610013075,0.9269645440956509,8.786664033079116,98.67833781591058,358.93127436946367
1.6762893701656574,2.165597335850253,42,5.8372134638190705,527.7033284761588,6.573951405204396,0.7461333752087018,8.873714110957708,24.577337102048194,416.7824453041131
2.4738154531740952,3.206304218932776,47,5.017195224042945,85.57779143332237,7.605464371898352,1.1398145109674773,4.46231510674628,41.54997908149191,444.853456971426
2.619067318898135,2.490698219362642,50,3.2954251111011836,575.7034660464137,3.0300510576276762,0.6951860087257455,12.12133506971617,21.609886847730134,397.9325755664412
2.3750531476457395,2.778591228083953,17,2.7584667193763446,63.8280770525,5.937358774430393,1.1823920132433345,18.78337384944071,104.8675597427218,352.2144843225167
2.9432588227118126,2.5773874735413997,20,2.670532837148131,431.9477508718898,4.541097567797143,0.7610562815191365,23.625078528139554,30.20408649616316,64.27512131721402
2.062305869285556,2.7113454329298983,31,3.985634270600563,95.21388504147991,0.9547169454985114,0.40285719299818146,15.88733081436921,31.6865941688301,290.7350030342498
1.928568129422791,3.438091810368491,60,3.563404546617254,550.8721186893267,5.6749980298170755,0.9883208752133494,21.852117367922,188.79916940729163,66.96397621168376
2.8028986922841903,2.5942434312463503,33,5.084360493850032,305.4382799240485,5.6757241867838255,0.9110079525700563,20.91737693367522,175.80446371345053,413.63051770221017
1.835393757779179,3.1328092805937944,50,4.497335339914473,125.63807614935847,7.479551036349028,0.995688049175028,5.986890218431459,95.89645339415954,194.3260360069809
2.944833809160917,2.9521008043981993,26,3.564077112021523,237.44863488441564,4.229843346267293,1.156297825853113,13.173800864990524,197.3030109615391,303.09321835306446
1.5182317120347246,3.3273423307252963,21,3.0969511118007045,140.65357144071913,2.22688190532886,0.9988403723859163,4.689241317084004,10.035440352425992,175.75038829350618
2.9548182400614587,3.873659478649516,55,3.0087990507497984,143.82005135639952,0.8342286758650936,0.8502029419949821,17.689522715917605,126.65609669194482,402.12506497113213
1.5647398679258642,3.4651441944205006,41,5.958641568561671,571.4595760942932,3.6173164001442926,1.0715780121247567,23.847692369659747,127.1213537006553,448.9261369888562
2.8367146705471065,2.4298807571815138,24,3.473911873619469,294.88536175663353,2.7643752505812635,0.9059217954190784,5.153057535811399,96.91418061527875,229.3891223958788
2.2915516636294497,2.0623662701225696,25,5.106842591643874,483.84124514794775,6.208162295179067,0.6673071511433307,18.87931200845845,85.42011485751564,438.31507707994507
2.9894471941789504,2.5245280885996504,63,5.7427437119450655,401.783058647725,3.1570082363078495,1.0970577878175958,16.541477469960803,96.52279574131545,170.18375335534958
1.6106948471030984,3.19015586140051,31,4.956325244738944,422.03449928611576,7.61803397236133,0.4997104147059356,15.422915851186294,88.8424828551393,290.5974153839857
2.3307814266019813,2.1028516269685005,37,5.938260926587783,122.43139115962119,7.717326522408382,0.9431771474178516,10.972765397831802,148.79357072163688,436.4426434274168
2.9539538034286483,2.992732494402473,29,4.069574886113898,178.80144574851712,5.156814426632811,1.093407109446681,10.168027898337689,35.71753264492397,196.64660417710567
2.2846467662552232,3.1936856978337786,42,6.324888762595793,482.7126843349403,7.464952152611621,0.9581848677329665,3.040731347434421,47.551451912314725,479.3190192851386
2.444097957202894,2.668487781633922,19,3.0325800167123877,583.9214135611306,6.206407583858717,0.9275478771484711,7.01190028979631,44.298463394560486,104.84577580162264
2.543623033476926,3.541824407491644,49,2.9085981186301524,194.47160342925844,4.601447307313446,0.9773744646646523,2.3490682925970185,59.86941117304026,58.2237813755778
2.18181159715166,2.2131965062675434,41,5.134768584829774,199.36282061307193,1.8523095156708358,0.7185497234705799,15.372593428386473,109.79909956850082,456.86090866018577
2.441337120126095,2.1502755634716175,59,6.271324565653047,310.09342304599767,3.9394845763538,1.0867536139413232,4.434624425191903,31.129661994261557,80.89189976654251
2.3764714678846506,3.4563775124072067,42,5.735533846545312,591.1121720704908,4.706558475219632,0.48309282762248207,22.07944606268347,174.95216611203577,496.3501381763713
2.851737015736483,2.990982632412397,11,2.8056674377522057,197.9274202045591,6.979711855512576,0.4146477744003053,14.0322894760348,66.49869094860975,478.12858789059777
1.5681695705121868,3.376804792855472,42,3.6174708557388655,273.8345502988451,4.110000324017486,0.5569579021066604,18.092867908350293,40.88221761905449,111.6594095163443
1.9214447843883455,2.8696546772074925,42,6.221275539351295,540.3140085929288,7.232560045084675,0.7784196570974937,11.449713112331418,138.36804882366621,291.9130815616546
2.925617226114838,2.4928040664782136,50,3.512233731203138,51.606567941749105,5.557617342676017,0.7595056158684043,14.893335607024119,17.236397113870662,133.21413386021496
2.8353956758363745,3.6382046353483997,22,5.624681695147677,71.87128074371324,1.5274929729025353,1.0385388819089278,23.681161070232502,127.7940273260912,242.66982786355393
2.1834851291785693,3.5988317579379583,39,5.800528783714816,382.23942238917056,7.9623602699381975,0.6641117907636156,3.9028829113444274,142.65770182853495,77.6413081669247
2.430198896702305,3.3893929417088535,42,4.481808413843927,549.0590905920658,4.454244955654344,0.7359099836623577,7.8405687542450115,50.83414096347664,150.7660645084653
1.916071774471699,2.544290274459925,22,4.045395639393262,181.37116322106021,3.4389372230680917,0.3120309149334561,19.93973151894252,17.973173954290516,213.4727583795048
1.782181739585642,3.180461333738174,61,4.300497729679039,308.30297607438996,5.4433532335214485,0.6687653127986452,4.270955758301314,79.09261819469542,247.39137511072465
2.1955476074099733,2.7219477938800534,35,3.4078587774614566,297.75591591180006,1.316699854857793,0.8829968096553078,3.7402053897945495,28.73290374596793,489.8733161940019
2.0300283420390794,2.1831641466532683,31,6.057563664515377,310.1342403525306,5.274039850650158,0.31395749756393293,10.315452171342887,32.13079143793404,413.53954055779155
2.375484167776308,3.8346271509244856,48,4.302478626919031,392.38583265135986,4.236770003744548,0.5527937686676194,4.119863044865943,58.30963397452427,381.8344749403758
1.6166019554474773,2.273637261837923,11,6.0298377618244,308.35906964487606,3.5500555249893733,0.4871607233604509,15.456804170742672,66.13890567908427,291.6685916338884
2.9615922114992497,3.900474707641605,47,2.9227739196250964,296.1074777273518,7.647650158841744,0.3377868860186294,7.204330768781796,110.69436479406991,427.99899227195453
2.979316116719404,2.8920115459159117,48,6.453101084000526,310.85863123719326,4.419047875490399,0.7313340809230837,22.601053153585564,138.89445824557248,202.69527604507
